Filename,Output,Error,Success
39813.lean,real_proofs/39813.lean:1:0: error: object file '././.lake/packages/batteries/.lake/build/lib/lean/Batteries/Tactic/Classical.olean' of module Batteries.Tactic.Classical does not exist,,No
26836.lean,real_proofs/26836.lean:1:0: error: object file '././.lake/packages/mathlib/.lake/build/lib/lean/Mathlib/Algebra/Polynomial/Eval.olean' of module Mathlib.Algebra.Polynomial.Eval does not exist,,No
35430.lean,real_proofs/35430.lean:1:0: error: object file '././.lake/packages/mathlib/.lake/build/lib/lean/Mathlib/MeasureTheory/Decomposition/Exhaustion.olean' of module Mathlib.MeasureTheory.Decomposition.Exhaustion does not exist,,No
13152.lean,"real_proofs/13152.lean:10:27: warning: `List.get?` has been deprecated: Use `a[i]?` instead.
real_proofs/13152.lean:10:33: warning: `List.enum` has been deprecated: Use `zipIdx` instead; note the signature change.
real_proofs/13152.lean:10:46: warning: `List.get?` has been deprecated: Use `a[i]?` instead.",,Yes
27118.lean,real_proofs/27118.lean:1:0: error: object file '././.lake/packages/mathlib/.lake/build/lib/lean/Mathlib/Order/Defs.olean' of module Mathlib.Order.Defs does not exist,,No
7814.lean,,,Yes
41161.lean,real_proofs/41161.lean:1:0: error: object file '././.lake/packages/mathlib/.lake/build/lib/lean/Mathlib/Tactic/Relation/Trans.olean' of module Mathlib.Tactic.Relation.Trans does not exist,,No
41970.lean,real_proofs/41970.lean:1:0: error: object file '././.lake/packages/mathlib/.lake/build/lib/lean/Mathlib/MeasureTheory/Decomposition/SignedLebesgue.olean' of module Mathlib.MeasureTheory.Decomposition.SignedLebesgue does not exist,,No
41966.lean,real_proofs/41966.lean:1:0: error: object file '././.lake/packages/mathlib/.lake/build/lib/lean/Mathlib/MeasureTheory/Decomposition/SignedLebesgue.olean' of module Mathlib.MeasureTheory.Decomposition.SignedLebesgue does not exist,,No
2513.lean,,,Yes
2905.lean,real_proofs/2905.lean:1:0: error: object file '././.lake/packages/mathlib/.lake/build/lib/lean/Mathlib/Deprecated/Submonoid.olean' of module Mathlib.Deprecated.Submonoid does not exist,,No
42921.lean,real_proofs/42921.lean:1:0: error: object file '././.lake/packages/mathlib/.lake/build/lib/lean/Mathlib/AlgebraicGeometry/PrimeSpectrum/Basic.olean' of module Mathlib.AlgebraicGeometry.PrimeSpectrum.Basic does not exist,,No
42022.lean,real_proofs/42022.lean:1:0: error: object file '././.lake/packages/mathlib/.lake/build/lib/lean/Mathlib/MeasureTheory/Decomposition/SignedLebesgue.olean' of module Mathlib.MeasureTheory.Decomposition.SignedLebesgue does not exist,,No
15531.lean,,,Yes
8755.lean,real_proofs/8755.lean:1:0: error: object file '././.lake/packages/mathlib/.lake/build/lib/lean/Mathlib/Order/Filter/Bases.olean' of module Mathlib.Order.Filter.Bases does not exist,,No
20444.lean,real_proofs/20444.lean:1:0: error: object file '././.lake/packages/mathlib/.lake/build/lib/lean/Mathlib/Algebra/Group/Nat.olean' of module Mathlib.Algebra.Group.Nat does not exist,,No
39720.lean,,,Yes
7818.lean,,,Yes
31845.lean,,,Yes
35391.lean,real_proofs/35391.lean:1:0: error: object file '././.lake/packages/mathlib/.lake/build/lib/lean/Mathlib/MeasureTheory/Decomposition/Exhaustion.olean' of module Mathlib.MeasureTheory.Decomposition.Exhaustion does not exist,,No
25057.lean,real_proofs/25057.lean:1:0: error: object file '././.lake/packages/mathlib/.lake/build/lib/lean/Mathlib/RingTheory/Algebraic.olean' of module Mathlib.RingTheory.Algebraic does not exist,,No
41992.lean,real_proofs/41992.lean:1:0: error: object file '././.lake/packages/mathlib/.lake/build/lib/lean/Mathlib/MeasureTheory/Decomposition/SignedLebesgue.olean' of module Mathlib.MeasureTheory.Decomposition.SignedLebesgue does not exist,,No
7862.lean,,,Yes
20445.lean,real_proofs/20445.lean:1:0: error: object file '././.lake/packages/mathlib/.lake/build/lib/lean/Mathlib/Algebra/Group/Nat.olean' of module Mathlib.Algebra.Group.Nat does not exist,,No
15530.lean,,,Yes
21983.lean,,,Yes
7854.lean,,,Yes
42012.lean,real_proofs/42012.lean:1:0: error: object file '././.lake/packages/mathlib/.lake/build/lib/lean/Mathlib/MeasureTheory/Decomposition/SignedLebesgue.olean' of module Mathlib.MeasureTheory.Decomposition.SignedLebesgue does not exist,,No
7849.lean,,,Yes
7832.lean,,,Yes
18503.lean,,,Yes
39862.lean,real_proofs/39862.lean:1:0: error: object file '././.lake/packages/mathlib/.lake/build/lib/lean/Mathlib/Algebra/Associated/Basic.olean' of module Mathlib.Algebra.Associated.Basic does not exist,,No
44514.lean,real_proofs/44514.lean:1:0: error: object file '././.lake/packages/mathlib/.lake/build/lib/lean/Mathlib/RingTheory/JacobsonIdeal.olean' of module Mathlib.RingTheory.JacobsonIdeal does not exist,,No
20439.lean,real_proofs/20439.lean:1:0: error: object file '././.lake/packages/mathlib/.lake/build/lib/lean/Mathlib/Algebra/Group/Nat.olean' of module Mathlib.Algebra.Group.Nat does not exist,,No
35400.lean,real_proofs/35400.lean:1:0: error: object file '././.lake/packages/mathlib/.lake/build/lib/lean/Mathlib/MeasureTheory/Decomposition/Exhaustion.olean' of module Mathlib.MeasureTheory.Decomposition.Exhaustion does not exist,,No
35420.lean,real_proofs/35420.lean:1:0: error: object file '././.lake/packages/mathlib/.lake/build/lib/lean/Mathlib/MeasureTheory/Decomposition/Exhaustion.olean' of module Mathlib.MeasureTheory.Decomposition.Exhaustion does not exist,,No
27108.lean,real_proofs/27108.lean:1:0: error: object file '././.lake/packages/mathlib/.lake/build/lib/lean/Mathlib/Order/Defs.olean' of module Mathlib.Order.Defs does not exist,,No
26830.lean,real_proofs/26830.lean:1:0: error: object file '././.lake/packages/mathlib/.lake/build/lib/lean/Mathlib/Algebra/Polynomial/Eval.olean' of module Mathlib.Algebra.Polynomial.Eval does not exist,,No
41999.lean,real_proofs/41999.lean:1:0: error: object file '././.lake/packages/mathlib/.lake/build/lib/lean/Mathlib/MeasureTheory/Decomposition/SignedLebesgue.olean' of module Mathlib.MeasureTheory.Decomposition.SignedLebesgue does not exist,,No
41960.lean,real_proofs/41960.lean:1:0: error: object file '././.lake/packages/mathlib/.lake/build/lib/lean/Mathlib/MeasureTheory/Decomposition/SignedLebesgue.olean' of module Mathlib.MeasureTheory.Decomposition.SignedLebesgue does not exist,,No
20435.lean,real_proofs/20435.lean:1:0: error: object file '././.lake/packages/mathlib/.lake/build/lib/lean/Mathlib/Algebra/Group/Nat.olean' of module Mathlib.Algebra.Group.Nat does not exist,,No
11915.lean,,,Yes
10256.lean,,,Yes
15541.lean,,,Yes
11502.lean,real_proofs/11502.lean:1:0: error: object file '././.lake/packages/mathlib/.lake/build/lib/lean/Mathlib/Topology/Instances/Real.olean' of module Mathlib.Topology.Instances.Real does not exist,,No
16357.lean,,,Yes
26831.lean,real_proofs/26831.lean:1:0: error: object file '././.lake/packages/mathlib/.lake/build/lib/lean/Mathlib/Algebra/Polynomial/Eval.olean' of module Mathlib.Algebra.Polynomial.Eval does not exist,,No
15721.lean,,,Yes
35401.lean,real_proofs/35401.lean:1:0: error: object file '././.lake/packages/mathlib/.lake/build/lib/lean/Mathlib/MeasureTheory/Decomposition/Exhaustion.olean' of module Mathlib.MeasureTheory.Decomposition.Exhaustion does not exist,,No
41994.lean,real_proofs/41994.lean:1:0: error: object file '././.lake/packages/mathlib/.lake/build/lib/lean/Mathlib/MeasureTheory/Decomposition/SignedLebesgue.olean' of module Mathlib.MeasureTheory.Decomposition.SignedLebesgue does not exist,,No
35417.lean,real_proofs/35417.lean:1:0: error: object file '././.lake/packages/mathlib/.lake/build/lib/lean/Mathlib/MeasureTheory/Decomposition/Exhaustion.olean' of module Mathlib.MeasureTheory.Decomposition.Exhaustion does not exist,,No
35591.lean,real_proofs/35591.lean:1:0: error: object file '././.lake/packages/mathlib/.lake/build/lib/lean/Mathlib/MeasureTheory/Decomposition/Exhaustion.olean' of module Mathlib.MeasureTheory.Decomposition.Exhaustion does not exist,,No
7809.lean,,,Yes
39770.lean,real_proofs/39770.lean:1:0: error: object file '././.lake/packages/batteries/.lake/build/lib/lean/Batteries/Tactic/Classical.olean' of module Batteries.Tactic.Classical does not exist,,No
35639.lean,real_proofs/35639.lean:1:0: error: object file '././.lake/packages/mathlib/.lake/build/lib/lean/Mathlib/Algebra/Group/Units.olean' of module Mathlib.Algebra.Group.Units does not exist,,No
41981.lean,real_proofs/41981.lean:1:0: error: object file '././.lake/packages/mathlib/.lake/build/lib/lean/Mathlib/MeasureTheory/Decomposition/SignedLebesgue.olean' of module Mathlib.MeasureTheory.Decomposition.SignedLebesgue does not exist,,No
41169.lean,real_proofs/41169.lean:1:0: error: object file '././.lake/packages/mathlib/.lake/build/lib/lean/Mathlib/Tactic/Relation/Trans.olean' of module Mathlib.Tactic.Relation.Trans does not exist,,No
35414.lean,real_proofs/35414.lean:1:0: error: object file '././.lake/packages/mathlib/.lake/build/lib/lean/Mathlib/MeasureTheory/Decomposition/Exhaustion.olean' of module Mathlib.MeasureTheory.Decomposition.Exhaustion does not exist,,No
20440.lean,real_proofs/20440.lean:1:0: error: object file '././.lake/packages/mathlib/.lake/build/lib/lean/Mathlib/Algebra/Group/Nat.olean' of module Mathlib.Algebra.Group.Nat does not exist,,No
27106.lean,real_proofs/27106.lean:1:0: error: object file '././.lake/packages/mathlib/.lake/build/lib/lean/Mathlib/Order/Defs.olean' of module Mathlib.Order.Defs does not exist,,No
11521.lean,real_proofs/11521.lean:1:0: error: object file '././.lake/packages/mathlib/.lake/build/lib/lean/Mathlib/Topology/Instances/Real.olean' of module Mathlib.Topology.Instances.Real does not exist,,No
33542.lean,real_proofs/33542.lean:1:0: error: object file '././.lake/packages/mathlib/.lake/build/lib/lean/Mathlib/Order/Defs.olean' of module Mathlib.Order.Defs does not exist,,No
15535.lean,,,Yes
41974.lean,real_proofs/41974.lean:1:0: error: object file '././.lake/packages/mathlib/.lake/build/lib/lean/Mathlib/MeasureTheory/Decomposition/SignedLebesgue.olean' of module Mathlib.MeasureTheory.Decomposition.SignedLebesgue does not exist,,No
10556.lean,,,Yes
26833.lean,real_proofs/26833.lean:1:0: error: object file '././.lake/packages/mathlib/.lake/build/lib/lean/Mathlib/Algebra/Polynomial/Eval.olean' of module Mathlib.Algebra.Polynomial.Eval does not exist,,No
7811.lean,,,Yes
41959.lean,real_proofs/41959.lean:1:0: error: object file '././.lake/packages/mathlib/.lake/build/lib/lean/Mathlib/MeasureTheory/Decomposition/SignedLebesgue.olean' of module Mathlib.MeasureTheory.Decomposition.SignedLebesgue does not exist,,No
41975.lean,real_proofs/41975.lean:1:0: error: object file '././.lake/packages/mathlib/.lake/build/lib/lean/Mathlib/MeasureTheory/Decomposition/SignedLebesgue.olean' of module Mathlib.MeasureTheory.Decomposition.SignedLebesgue does not exist,,No
35403.lean,real_proofs/35403.lean:1:0: error: object file '././.lake/packages/mathlib/.lake/build/lib/lean/Mathlib/MeasureTheory/Decomposition/Exhaustion.olean' of module Mathlib.MeasureTheory.Decomposition.Exhaustion does not exist,,No
13161.lean,"real_proofs/13161.lean:11:17: warning: `List.enumFrom` has been deprecated: Use `zipIdx` instead; note the signature change.
real_proofs/13161.lean:11:32: warning: `List.get?` has been deprecated: Use `a[i]?` instead.
real_proofs/13161.lean:12:8: warning: `List.mem_iff_get?` has been deprecated: use `List.mem_iff_getElem?` instead",,Yes
35395.lean,real_proofs/35395.lean:1:0: error: object file '././.lake/packages/mathlib/.lake/build/lib/lean/Mathlib/MeasureTheory/Decomposition/Exhaustion.olean' of module Mathlib.MeasureTheory.Decomposition.Exhaustion does not exist,,No
20427.lean,real_proofs/20427.lean:1:0: error: object file '././.lake/packages/mathlib/.lake/build/lib/lean/Mathlib/Algebra/Group/Nat.olean' of module Mathlib.Algebra.Group.Nat does not exist,,No
15529.lean,,,Yes
10269.lean,,,Yes
39811.lean,real_proofs/39811.lean:1:0: error: object file '././.lake/packages/mathlib/.lake/build/lib/lean/Mathlib/Algebra/Associated/Basic.olean' of module Mathlib.Algebra.Associated.Basic does not exist,,No
41895.lean,real_proofs/41895.lean:1:0: error: object file '././.lake/packages/mathlib/.lake/build/lib/lean/Mathlib/Data/Array/ExtractLemmas.olean' of module Mathlib.Data.Array.ExtractLemmas does not exist,,No
18511.lean,,,Yes
41968.lean,real_proofs/41968.lean:1:0: error: object file '././.lake/packages/mathlib/.lake/build/lib/lean/Mathlib/MeasureTheory/Decomposition/SignedLebesgue.olean' of module Mathlib.MeasureTheory.Decomposition.SignedLebesgue does not exist,,No
35453.lean,real_proofs/35453.lean:1:0: error: object file '././.lake/packages/mathlib/.lake/build/lib/lean/Mathlib/MeasureTheory/Decomposition/Exhaustion.olean' of module Mathlib.MeasureTheory.Decomposition.Exhaustion does not exist,,No
41991.lean,real_proofs/41991.lean:1:0: error: object file '././.lake/packages/mathlib/.lake/build/lib/lean/Mathlib/MeasureTheory/Decomposition/SignedLebesgue.olean' of module Mathlib.MeasureTheory.Decomposition.SignedLebesgue does not exist,,No
7836.lean,,,Yes
35557.lean,real_proofs/35557.lean:1:0: error: object file '././.lake/packages/mathlib/.lake/build/lib/lean/Mathlib/MeasureTheory/Decomposition/Exhaustion.olean' of module Mathlib.MeasureTheory.Decomposition.Exhaustion does not exist,,No
28037.lean,,,Yes
26838.lean,real_proofs/26838.lean:1:0: error: object file '././.lake/packages/mathlib/.lake/build/lib/lean/Mathlib/Algebra/Polynomial/Eval.olean' of module Mathlib.Algebra.Polynomial.Eval does not exist,,No
27116.lean,real_proofs/27116.lean:1:0: error: object file '././.lake/packages/mathlib/.lake/build/lib/lean/Mathlib/Order/Defs.olean' of module Mathlib.Order.Defs does not exist,,No
35428.lean,real_proofs/35428.lean:1:0: error: object file '././.lake/packages/mathlib/.lake/build/lib/lean/Mathlib/MeasureTheory/Decomposition/Exhaustion.olean' of module Mathlib.MeasureTheory.Decomposition.Exhaustion does not exist,,No
41990.lean,real_proofs/41990.lean:1:0: error: object file '././.lake/packages/mathlib/.lake/build/lib/lean/Mathlib/MeasureTheory/Decomposition/SignedLebesgue.olean' of module Mathlib.MeasureTheory.Decomposition.SignedLebesgue does not exist,,No
41969.lean,real_proofs/41969.lean:1:0: error: object file '././.lake/packages/mathlib/.lake/build/lib/lean/Mathlib/MeasureTheory/Decomposition/SignedLebesgue.olean' of module Mathlib.MeasureTheory.Decomposition.SignedLebesgue does not exist,,No
35405.lean,real_proofs/35405.lean:1:0: error: object file '././.lake/packages/mathlib/.lake/build/lib/lean/Mathlib/MeasureTheory/Decomposition/Exhaustion.olean' of module Mathlib.MeasureTheory.Decomposition.Exhaustion does not exist,,No
7821.lean,,,Yes
39797.lean,real_proofs/39797.lean:1:0: error: object file '././.lake/packages/batteries/.lake/build/lib/lean/Batteries/Tactic/Classical.olean' of module Batteries.Tactic.Classical does not exist,,No
35472.lean,real_proofs/35472.lean:1:0: error: object file '././.lake/packages/mathlib/.lake/build/lib/lean/Mathlib/MeasureTheory/Decomposition/Exhaustion.olean' of module Mathlib.MeasureTheory.Decomposition.Exhaustion does not exist,,No
26823.lean,real_proofs/26823.lean:1:0: error: object file '././.lake/packages/mathlib/.lake/build/lib/lean/Mathlib/Algebra/Polynomial/Eval.olean' of module Mathlib.Algebra.Polynomial.Eval does not exist,,No
10268.lean,,,Yes
18526.lean,,,Yes
28041.lean,,,Yes
41973.lean,real_proofs/41973.lean:1:0: error: object file '././.lake/packages/mathlib/.lake/build/lib/lean/Mathlib/MeasureTheory/Decomposition/SignedLebesgue.olean' of module Mathlib.MeasureTheory.Decomposition.SignedLebesgue does not exist,,No
41965.lean,real_proofs/41965.lean:1:0: error: object file '././.lake/packages/mathlib/.lake/build/lib/lean/Mathlib/MeasureTheory/Decomposition/SignedLebesgue.olean' of module Mathlib.MeasureTheory.Decomposition.SignedLebesgue does not exist,,No
41877.lean,real_proofs/41877.lean:1:0: error: object file '././.lake/packages/mathlib/.lake/build/lib/lean/Mathlib/Data/Array/ExtractLemmas.olean' of module Mathlib.Data.Array.ExtractLemmas does not exist,,No
